{"cameraMode":{"drawMode":0,"name":"Shaded","section":"Shading Mode"},"sceneLighting":true,"audioPlay":false,"sceneViewState":{"m_AlwaysRefresh":false,"showFog":false,"showSkybox":true,"showFlares":true,"showImageEffects":false,"showParticleSystems":true,"showVisualEffectGraphs":true,"m_FxEnabled":true},"in2DMode":false,"pivot":{"x":-6.810448169708252,"y":-10.787312507629395,"z":46.61334991455078},"rotation":{"x":-0.21108917891979218,"y":0.052742764353752139,"z":-0.01141030341386795,"w":-0.9760069251060486},"size":18.585044860839845,"orthographic":false}