{"cameraMode":{"drawMode":0,"name":"Shaded","section":"Shading Mode"},"sceneLighting":true,"audioPlay":false,"sceneViewState":{"m_AlwaysRefresh":false,"showFog":true,"showSkybox":true,"showFlares":true,"showImageEffects":false,"showParticleSystems":true,"showVisualEffectGraphs":true,"m_FxEnabled":false},"in2DMode":false,"pivot":{"x":-24.619857788085939,"y":2.9754109382629396,"z":36.216346740722659},"rotation":{"x":0.15285281836986543,"y":0.7317060828208923,"z":-0.17478157579898835,"w":0.6409603953361511},"size":0.31652775406837466,"orthographic":false}