{"cameraMode":{"drawMode":0,"name":"Shaded","section":"Shading Mode"},"sceneLighting":true,"audioPlay":false,"sceneViewState":{"m_AlwaysRefresh":false,"showFog":true,"showSkybox":false,"showFlares":true,"showImageEffects":false,"showParticleSystems":true,"showVisualEffectGraphs":true,"m_FxEnabled":true},"in2DMode":false,"pivot":{"x":16.774749755859376,"y":4.977059364318848,"z":-7.8792829513549809},"rotation":{"x":0.09202882647514343,"y":-0.7826836705207825,"z":0.12192372232675553,"w":0.6038272380828857},"size":1.1445523500442505,"orthographic":false}